{
  "spider": "baidu",
  "website": "百度地图",

  "settings": {
    "MYSQL_HOST" : "10.109.247.63",
    "MYSQL_DATABASE" : "mt_dp",
    "MYSQL_PORT" : 3306,
    "MYSQL_USER" : "root",
    "MYSQL_PASSWORD" : "hadoop",
    "ITEM_PIPELINES" : {
         "scrapyuniversal.pipelines.MojiPipeline": 300
    },
    "RETRY_ENABLED": false,
    "DOWNLOAD_TIMEOUT" : 15,
    "DOWNLOAD_DELAY":5,
    "COOKIES_ENABLED" : false
  },

    "start_urls":{
        "type": "static",
        "value":[
            "http://api.map.baidu.com/place/v2/search"
        ]
    },

    "allowed_domains": [
        "api.map.baidu.com"
    ],
    "querys" : [
    "美食",
    "购物",
    "旅游景点",
    "文化传媒",
    "住宅区",
    "公司企业",
    "写字楼",
    "教育培训"
    ],
    "mykey" : ["rxmhTyKLhXV9TBVnoaCysnCHAhozdOLf","h16MSV8NGHralcuHLiejOrua5oKvuZMn", "XsL7NdNoisyhfROAxrBpiIqeDiaF6VWL"]
}