{
  "spider": "country_info",
  "website": "马蜂窝",

  "settings": {
    "Headers": {
        "Accept":"*/*",
        "Accept-Language":"zh-CN,zh;q=0.8",
        "Connection":"keep-alive",
        "DNT":"1",
        "Host":"www.mafengwo.cn",
        "Referer":"http://www.mafengwo.cn",
        "User-Agent":"Mozilla/5.0 (Macintosh; Intel Mac OS X 10_14_4) AppleWebKit/537.36 (KHTML, like Gecko) Chrome/74.0.3729.131 Safari/537.36",
        "X-Requested-With":"XMLHttpRequest"
        },
    "MYSQL_HOST" : "127.0.0.1",
    "MYSQL_DATABASE" : "CitySnaper",
    "MYSQL_PORT" : 3306,
    "MYSQL_USER" : "root",
    "MYSQL_PASSWORD" : "123456",
    "ITEM_PIPELINES" : {
         "scrapyuniversal.pipelines.CountryInfoPipeline": 300
         }
  },

    "start_urls":{
        "type": "static",
        "value":[
            "http://www.mafengwo.cn/mdd/"
        ]
    },

    "allowed_domains": [
        "www.mafengwo.cn"
    ]
    
}