{
  "spider": "damaiPage",
  "website": "大麦详情页",

  "settings": {
    "Headers" : {"User-Agent": "Mozilla/5.0 (Macintosh; Intel Mac OS X 10_11_0) AppleWebKit/537.36 (KHTML, like Gecko) Chrome/59.0.3071.115 Safari/537.36",
         "Accept":"application/json, text/javascript, */*; q=0.01",
         "Accept-Encoding":"gzip, deflate, br",
         "Accept-Language":"zh-CN,zh;q=0.9,en;q=0.8",
         "Host":"piao.damai.cn",
         "X-Requested-With":"XMLHttpRequest",
         "Connection":"keep-alive",
         "Cookie":"x_hm_tuid=DfMU7XT2DFNFJSo8fHMosDbpzkOkT8Th3mhQEl/xeWfYzm+7vXV5LYd3rtPh8UbX; UM_distinctid=161099835552c3-085e2a4d5c8ba7-32657401-13c680-1610998355655b; cna=zJhpDk1E4iICAXL/KCQ5Wc/h; DAMAI_CLB_REFER=https%3A%2F%2Fwww.google.com.hk%2F; cporder=ordervalue=%2fB090%2b623wITtV4lppWN%2bJE3IPExG1pt5J4pZ3lrvxejNduxy7G0KAwalVtcT0uiUaea89cZSfkvImO7fDgtzA%3d%3d; cporderV2=%2fB090%2b623wITtV4lppWN%2bJE3IPExG1pt5J4pZ3lrvxejNduxy7G0KAwalVtcT0uiUaea89cZSfkvImO7fDgtzA%3d%3d; _damai_sour=9d1Jw8umJDg=; DaMaiTicketHistory=ProList=143198%40%E7%99%BE%E8%80%81%E6%B1%87%E9%9F%B3%E4%B9%90%E5%89%A7%E3%80%8A%E9%9F%B3%E4%B9%90%E4%B9%8B%E5%A3%B0%E3%80%8B%E4%B8%AD%E6%96%87%E7%89%88%40bj; cpSTAT_ok_pages=1; cpSTAT_ok_times=2; CNZZDATA1256416394=220184639-1516279967-https%253A%252F%252Fvenue.damai.cn%252F%7C1520577189; page_tran_time=0; cn_7415364c9dab5n09ff68_dplus=%7B%22distinct_id%22%3A%20%22161099835552c3-085e2a4d5c8ba7-32657401-13c680-1610998355655b%22%2C%22sp%22%3A%20%7B%22%24recent_outside_referrer%22%3A%20%22%24direct%22%2C%22%24_sessionid%22%3A%200%2C%22%24_sessionTime%22%3A%201520581609%2C%22%24dp%22%3A%200%2C%22%24_sessionPVTime%22%3A%201520581609%7D%2C%22initial_view_time%22%3A%20%221516279967%22%2C%22initial_referrer%22%3A%20%22https%3A%2F%2Fwww.douban.com%2Flink2%2F%3Furl%3Dhttps%253A%252F%252Fvenue.damai.cn%252Fvenue_92428.html%22%2C%22initial_referrer_domain%22%3A%20%22www.douban.com%22%7D; isg=BPLyKKyo_K9jHsBRRhOAlZAoQz7e7440k3VLgbzLKKWQT5JJpBNGLfjOO-tzJG61"
        },
    "MYSQL_HOST" : "10.109.247.63",
    "MYSQL_DATABASE" : "mt_dp",
    "MYSQL_PORT" : 3306,
    "MYSQL_USER" : "root",
    "MYSQL_PASSWORD" : "hadoop",
    "ITEM_PIPELINES" : {
         "scrapyuniversal.pipelines.DamaiPagePipeline": 300
         }
  },

    "start_urls":{
        "type": "dynamic",
        "method": "damaiPage"
    },

    "allowed_domains": [
        "piao.damai.cn"
    ]
    
}