{
  "spider": "dianping",
  "website": "大众点评",

  "settings": {
    "MYSQL_HOST" : "10.109.247.63",
    "MYSQL_DATABASE" : "mt_dp",
    "MYSQL_PORT" : 3306,
    "MYSQL_USER" : "root",
    "MYSQL_PASSWORD" : "hadoop",

    "ITEM_PIPELINES" : {
        "scrapyuniversal.pipelines.DianPingPipeline": 300
         },
    "SELENIUM_TIMEOUT" : 30,
    "PHANTOMJS_SERVICE_ARGS" : ["--load-images=false", "--disk-cache=true"],
    "DOWNLOADER_MIDDLEWARES" : {
        "scrapyuniversal.middlewares.DianPingDownloaderMiddleware": 543
    }
  },

    "start_urls":{
        "type": "static",
        "value":[
            "http://www.dianping.com/guangzhou/food"
        ]
    },

    "allowed_domains": [
        "dianping.com"
    ]
    
}