{
  "spider": "moji",
  "website": "墨迹天气",

  "settings": {
    "Headers": {
        "Accept":"*/*",
        "Accept-Language":"zh-CN,zh;q=0.8",
        "Connection":"keep-alive",
        "DNT":"1",
        "Host":"m.moji.com",
        "Referer":"https://m.moji.com/weather/china/guangdong/guangzhou",
        "User-Agent":"Mozilla/5.0 (Linux; Android 6.0; Nexus 5 Build/MRA58N) AppleWebKit/537.36 (KHTML, like Gecko) Chrome/60.0.3112.113 Mobile Safari/537.36",
        "X-Requested-With":"XMLHttpRequest"
        },
    "MYSQL_HOST" : "10.109.247.63",
    "MYSQL_DATABASE" : "mt_dp",
    "MYSQL_PORT" : 3306,
    "MYSQL_USER" : "root",
    "MYSQL_PASSWORD" : "hadoop",
    "ITEM_PIPELINES" : {
         "scrapyuniversal.pipelines.MojiPipeline": 300
         }
  },

    "start_urls":{
        "type": "static",
        "value":[
            "https://m.moji.com/index/getHour24/886"
        ]
    },

    "allowed_domains": [
        "m.moji.com"
    ]
    
}