{
  "spider": "qingting",
  "website": "蜻蜓FM",
  "settings": {
       "Headers" : {
           "Origin":"http://www.qingting.fm",
           "User-Agent":"Mozilla/5.0 (Windows NT 10.0; WOW64) AppleWebKit/537.36 (KHTML, like Gecko) Chrome/66.0.3359.139 Safari/537.36"
        },
        "MYSQL_HOST" : "10.109.247.63",
        "MYSQL_DATABASE" : "mt_dp",
        "MYSQL_PORT" : 3306,
        "MYSQL_USER" : "root",
        "MYSQL_PASSWORD" : "hadoop",
        "ITEM_PIPELINES" : {
            "scrapyuniversal.pipelines.QingtingPipeline": 300
         }
    },
    "start_urls":{
        "type": "static",
        "value":[
             "http://www.qingting.fm/categories"
    ] 
    },
    "allowed_domains": [
        "qingting.fm"
    ]
}