{
  "spider": "scene_detail",
  "website": "马蜂窝",

  "settings": {
    "Headers": {
        "Accept":"*/*",
        "Accept-Language":"zh-CN,zh;q=0.8",
        "Connection":"keep-alive",
        "DNT":"1",
        "Host":"www.mafengwo.cn",
        "Referer":"http://www.mafengwo.cn",
        "X-Requested-With":"XMLHttpRequest",
        "Content-Type":"application/x-www-form-urlencoded; charset=UTF-8"
        },
    "MYSQL_HOST" : "127.0.0.1",
    "MYSQL_DATABASE" : "CitySnaper",
    "MYSQL_PORT" : 3306,
    "MYSQL_USER" : "root",
    "MYSQL_PASSWORD" : "123456",
    "ITEM_PIPELINES" : {
         "scrapyuniversal.pipelines.SceneDetailPipeline": 300
         },
    "DOWNLOADER_MIDDLEWARES" : {
        "scrapyuniversal.middlewares.ProxyMiddleware": 125,
        "scrapy.downloadermiddlewares.retry.RetryMiddleware": 302,
        "scrapyuniversal.middlewares.RotateUserAgentMiddleware": 543
    }
  },

    "start_urls":{
        "type": "static",
        "value":[
            ""
        ]
    },

    "allowed_domains": [
        "www.mafengwo.cn",
        "pagelet.mafengwo.cn"
    ]
    
}