{
  "spider": "train_num",
  "website": "12306",

  "settings": {
    "Headers": {
        "Accept":"*/*",
        "Accept-Language":"zh-CN,zh;q=0.8",
        "Connection":"keep-alive",
        "DNT":"1",
        "Host":"kyfw.12306.cn",
        "Referer":"https://kyfw.12306.cn/otn/resources/js/query/train_list.js?scriptVersion=1.0",
        "User-Agent":"Mozilla/5.0 (Linux; Android 6.0; Nexus 5 Build/MRA58N) AppleWebKit/537.36 (KHTML, like Gecko) Chrome/60.0.3112.113 Mobile Safari/537.36",
        "X-Requested-With":"XMLHttpRequest"
        },
    "MYSQL_HOST" : "10.109.247.63",
    "MYSQL_DATABASE" : "citysnaper",
    "MYSQL_PORT" : 3306,
    "MYSQL_USER" : "root",
    "MYSQL_PASSWORD" : "hadoop",
    "ITEM_PIPELINES" : {
         "scrapyuniversal.pipelines.TrainNumPipeline": 300
         }
  },

    "start_urls":{
        "type": "static",
        "value":[
            "https://kyfw.12306.cn/otn/resources/js/query/train_list.js?scriptVersion=1.0"
        ]
    },

    "allowed_domains": [
        "kyfw.12306.cn"
    ],

    "days": 5
    
}