{
  "spider": "train_station",
  "website": "携程",

  "settings": {
    "Headers": {
        "Accept":"*/*",
        "Accept-Language":"zh-CN,zh;q=0.8",
        "Connection":"keep-alive",
        "DNT":"1",
        "Host":"trains.ctrip.com",
        "Referer":"https://trains.ctrip.com",
        "User-Agent":"Mozilla/5.0 (Linux; Android 6.0; Nexus 5 Build/MRA58N) AppleWebKit/537.36 (KHTML, like Gecko) Chrome/60.0.3112.113 Mobile Safari/537.36",
        "X-Requested-With":"XMLHttpRequest"
        },
    "MYSQL_HOST" : "10.109.247.63",
    "MYSQL_DATABASE" : "citysnaper",
    "MYSQL_PORT" : 3306,
    "MYSQL_USER" : "root",
    "MYSQL_PASSWORD" : "hadoop",
    "ITEM_PIPELINES" : {
         "scrapyuniversal.pipelines.TrainStationPipeline": 300
         }
  },

    "start_urls":{
        "type": "static",
        "value":[
            "https://trains.ctrip.com/trainbooking/TrainSchedule/"
        ]
    },

    "allowed_domains": [
        "trains.ctrip.com"
    ]
    
}