{
  "spider": "weiboWin",
  "website": "微博-吃喝",

  "settings": {
    "MYSQL_HOST" : "10.109.247.63",
    "MYSQL_DATABASE" : "weibo_new",
    "MYSQL_PORT" : 3306,
    "MYSQL_USER" : "root",
    "MYSQL_PASSWORD" : "hadoop",
    "ITEM_PIPELINES" : {
        "scrapyuniversal.pipelines.WeiboWinPipeline": 300
         },
    "SELENIUM_TIMEOUT" : 20,
    "PHANTOMJS_SERVICE_ARGS" : ["--load-images=false", "--disk-cache=true"],
    "DOWNLOADER_MIDDLEWARES" : {
        "scrapyuniversal.middlewares.RotateUserAgentMiddleware": 543
    }


  },

    "start_urls":{
        "type": "static",
        "value":[
            "https://api.weibo.com/oauth2/authorize?redirect_uri=http://www.baidu.com&response_type=code&client_id=1020492043&display=default"
        ]
    },

    "allowed_domains": [],
    "userName" : ["17610072985","18811319693","0085266724712","0085251736208"],
    "passWord" : ["bupt123","buptbupt123","bupt123","bupt123"],
    "user_max_id" : [0,0,0,0,0],
    "APP_KEY" : "1020492043",
    "APP_SECRET" : "824cf134a320c83f7bf4b4841aee97fc",
    "CALLBACK_URL" : "http://www.baidu.com",
    "table" : "entertainment_original"
}