{
  "spider": "weiboWin",
  "website": "微博-金融",

  "settings": {
    "MYSQL_HOST" : "10.109.247.63",
    "MYSQL_DATABASE" : "weibo_new",
    "MYSQL_PORT" : 3306,
    "MYSQL_USER" : "root",
    "MYSQL_PASSWORD" : "hadoop",
    "ITEM_PIPELINES" : {
        "scrapyuniversal.pipelines.WeiboWinPipeline": 300
         },
    "SELENIUM_TIMEOUT" : 20,
    "PHANTOMJS_SERVICE_ARGS" : ["--load-images=false", "--disk-cache=true"],
    "DOWNLOADER_MIDDLEWARES" : {
        "scrapyuniversal.middlewares.WeiboWinDownloaderMiddleware": 543
    }


  },

    "start_urls":{
        "type": "static",
        "value":[
            "https://api.weibo.com/oauth2/authorize?redirect_uri=www.baidu.com&response_type=code&client_id=3725451823&display=default"
        ]
    },

    "allowed_domains": [],
    "userName" : ["cuitest0@sina.cn","cuitest1@sina.cn","cuitest2@sina.cn","cuitest3@sina.cn","cuitest@sina.cn"],
    "passWord" : ["123456aaa","123456aaa","123456aaa","123456aaa","123456aaa"],
    "user_max_id" : [0,0,0,0,0],
    "APP_KEY" : "3725451823",
    "APP_SECRET" : "fe24498b5930ad9fb31350f7170dbe84",
    "CALLBACK_URL" : "http://www.baidu.com",
    "table":"weibo_original"
}