{
  "spider": "damaiMain",
  "website": "大麦主页",

  "settings": {
    "Headers":{"User-Agent": "Mozilla/5.0 (Macintosh; Intel Mac OS X 10_11_0) AppleWebKit/537.36 (KHTML, like Gecko) Chrome/59.0.3071.115 Safari/537.36",
         "Accept":"application/json, text/javascript, */*; q=0.01",
         "Accept-Encoding":"gzip, deflate, br",
         "Accept-Language":"zh-CN,zh;q=0.8,en;q=0.6",
         "Host":"search.damai.cn",
         "Cache-Control":"max-age=0",
         "Upgrade-Insecure-Requests": "1",
         "Origin":"https://search.damai.cn",
         "Connection":"keep-alive",
         "Cookie":"UM_distinctid=15da23343c777e-07207e04eca2d7-3063780b-13c680-15da23343c8158; CNZZDATA1256416394=2073720738-1501662796-https%253A%252F%252Fwww.damai.cn%252F%7C1501814647; DAMAI_CLB_REFER=https%3A%2F%2Fwww.google.co.jp%2F;CNZZDATA1256416394=2073720738-1501662796-https%253A%252F%252Fwww.damai.cn%252F%7C1501814647;" 
        },
    "MYSQL_HOST" : "10.109.247.63",
    "MYSQL_DATABASE" : "mt_dp",
    "MYSQL_PORT" : 3306,
    "MYSQL_USER" : "root",
    "MYSQL_PASSWORD" : "hadoop",
    "ITEM_PIPELINES" : {
         "scrapyuniversal.pipelines.DamaiMainPipeline": 300
         }
  },

    "start_urls":{
        "type": "static",
        "value":[
            "https://search.damai.cn/searchajax.html"
        ]
    },

    "allowed_domains": [
        "search.damai.cn"
    ]
    
}