{
  "spider": "damaiAddr",
  "website": "大麦地址页",
  "settings": {
    "Headers" : {
        "Host": "piao.damai.cn",
        "Connection": "keep-alive",
        "Cache-Control": "max-age=0",
        "Upgrade-Insecure-Requests": "1",
        "User-Agent": "Mozilla/5.0 (Macintosh; Intel Mac OS X 10_11_0) AppleWebKit/537.36 (KHTML, like Gecko) Chrome/60.0.3112.113 Safari/537.36",
        "Accept": "text/html,application/xhtml+xml,application/xml;q=0.9,image/webp,image/apng,*/*;q=0.8",
        "Referer": "https://venue.damai.cn/venue_54.html",
        "Accept-Encoding": "gzip, deflate, br",
        "Accept-Language": "zh-CN,zh;q=0.8,en;q=0.6",
        "Cookie": "x_hm_tuid=EClveOVj1Xt7J0+brfMt5pm6wI1F1vTMWqnC18nRn5c4HPd5s9KHbaNNExLHmodE; damai_login_QRCode=4a99addb-d848-4161-8d9d-b666aed1d12f; DAMAI_CLB_REFER=https%3A%2F%2Fwww.baidu.com%2Flink%3Furl%3DJP4zz4WPVSS4RtQJ2LgiBRdX-HyPbBaPmZ0IRblfoM7%26wd%3D%26eqid%3Dcfc0130c000047d30000000459882b38; cporder=ordervalue=1P0Uothr2NlkIEv03GsEYn%2bM4stuw2sx%2f%2fyvtAi4MWMPu869qxGwVc%2f0TBfIr9hO717aN13zb0rADAxKpkp0RV3p3yDhbK8reWbVD6gjbvRnhL8RH9HeZyd9Mv7XhHXbvOtFG8djycQ9Jswx58PpwCthjmjVmQ7W; cporderV2=1P0Uothr2NlkIEv03GsEYn%2bM4stuw2sx%2f%2fyvtAi4MWMPu869qxGwVc%2f0TBfIr9hO717aN13zb0rADAxKpkp0RV3p3yDhbK8reWbVD6gjbvRnhL8RH9HeZyd9Mv7XhHXbvOtFG8djycQ9Jswx58PpwCthjmjVmQ7W; DaMaiTicketHistory=ProList=127948%40%E6%AC%A7%E9%98%B3%E5%A8%9C%E5%A8%9C%E6%A2%A6%E6%83%B3%E7%BB%83%E4%B9%A0%E6%9B%B22017%E5%A4%A7%E6%8F%90%E7%90%B4%E5%B7%A1%E5%9B%9E%E6%BC%94%E5%A5%8F%E4%BC%9A%40gz%7C122841%40%E3%80%8A%E5%8F%A4%E5%B7%A8%E5%9F%BA%E2%80%9C%E6%88%91%E4%BB%AC%E2%80%9D%E4%B8%96%E7%95%8C%E5%B7%A1%E5%9B%9E%E6%BC%94%E5%94%B1%E4%BC%9APart%202%E3%80%8B%E5%B9%BF%E5%B7%9E%E7%AB%99%40gz%7C129339%40%E3%80%8A%E4%B8%8D%E9%81%93%E5%BE%B7%E7%9A%84%E5%B0%8F%E8%AF%B4%E3%80%8B%40gz%7C129391%40%E5%B9%BF%E5%B7%9E%E4%BA%A4%E5%93%8D%E4%B9%90%E5%9B%A22017%2F18%E9%9F%B3%E4%B9%90%E5%AD%A3%E9%97%AD%E5%B9%95%E5%BC%8F%20%E4%BB%8E%E8%8E%AB%E6%89%8E%E7%89%B9%E5%88%B0%E9%A9%AC%E5%8B%92%40gz%7C129989%40%5BA%20CLASSIC%20TOUR%20%E5%AD%A6%E5%8F%8B.%E7%BB%8F%E5%85%B8%5D%E4%B8%96%E7%95%8C%E5%B7%A1%E5%9B%9E%E6%BC%94%E5%94%B1%E4%BC%9A%20%E5%85%B0%E5%B7%9E%EF%BC%88%E4%B8%B4%E5%A4%8F%EF%BC%89%E7%AB%99%40lanzhou%7C128430%40%E3%80%94%E4%B8%BA%E7%88%B1%E8%80%8C%E5%94%B1%E3%80%95%E8%B6%85%E7%BA%A7%E7%AB%A5%E6%98%9F%E5%85%AC%E7%9B%8A%E6%BC%94%E5%94%B1%E4%BC%9A%40gz%7C109106%40%E7%AB%A5%E4%B9%90Funpalace%40gz%7C121944%40%E5%9C%A3%E5%BD%BC%E5%BE%97%E5%A0%A1%E5%9B%BD%E7%AB%8B%E5%84%BF%E7%AB%A5%E8%8A%AD%E8%95%BE%E8%88%9E%E5%89%A7%E9%99%A2%E5%B0%91%E5%84%BF%E7%89%88%E3%80%8A%E8%83%A1%E6%A1%83%E5%A4%B9%E5%AD%90%E3%80%8B%40gz%7C94378%40%E6%AD%A3%E4%BD%B3%E6%9E%81%E5%9C%B0%E6%B5%B7%E6%B4%8B%E4%B8%96%E7%95%8C%40gz%7C97468%40MAG%E7%8E%AF%E7%90%83%E9%AD%94%E5%B9%BB%E4%B8%96%E7%95%8C%40gz; cpSTAT_ok_pages=8; cpSTAT_ok_times=10; page_tran_time=0; CNZZDATA1256416394=1277711646-1501662796-https%253A%252F%252Fsearch.damai.cn%252F%7C1504507969; cn_7415364c9dab5n09ff68_dplus=%7B%22distinct_id%22%3A%20%2215da23343c777e-07207e04eca2d7-3063780b-13c680-15da23343c8158%22%2C%22sp%22%3A%20%7B%22%24recent_outside_referrer%22%3A%20%22%24direct%22%2C%22%24_sessionid%22%3A%200%2C%22%24_sessionTime%22%3A%201504512773%2C%22%24dp%22%3A%200%2C%22%24_sessionPVTime%22%3A%201504512773%7D%2C%22initial_view_time%22%3A%20%221501662796%22%2C%22initial_referrer%22%3A%20%22https%3A%2F%2Fwww.google.co.jp%2F%22%2C%22initial_referrer_domain%22%3A%20%22www.google.co.jp%22%7D; UM_distinctid=15da23343c777e-07207e04eca2d7-3063780b-13c680-15da23343c8158"},
    "MYSQL_HOST" : "10.109.247.63",
    "MYSQL_DATABASE" : "mt_dp",
    "MYSQL_PORT" : 3306,
    "MYSQL_USER" : "root",
    "MYSQL_PASSWORD" : "hadoop",
    "ITEM_PIPELINES" : {
         "scrapyuniversal.pipelines.DamaiAddrPipeline": 300
         }
  },

    "start_urls":{
        "type": "dynamic",
        "method": "damaiAddr"
    },

    "allowed_domains": [
        "piao.damai.cn"
    ]
    
}