{
  "spider": "ip_info",
  "website": "西刺代理",

  "settings": {
    "Headers": {
        "Accept":"*/*",
        "Accept-Language":"zh-CN,zh;q=0.8",
        "Connection":"keep-alive",
        "DNT":"1",
        "Host":"www.xicidaili.com",
        "Referer":"https://www.xicidaili.com",
        "X-Requested-With":"XMLHttpRequest"
        },
    "MYSQL_HOST" : "127.0.0.1",
    "MYSQL_DATABASE" : "CitySnaper",
    "MYSQL_PORT" : 3306,
    "MYSQL_USER" : "root",
    "MYSQL_PASSWORD" : "123456",
    "ITEM_PIPELINES" : {
         "scrapyuniversal.pipelines.IPInfoPipeline": 300
         },
    "DOWNLOADER_MIDDLEWARES" : {
        "scrapyuniversal.middlewares.RotateUserAgentMiddleware": 543
    }
  },

    "start_urls":{
        "type": "static",
        "value":[
            "https://www.xicidaili.com/nn/1"
        ]
    },

    "allowed_domains": [
        "www.xicidaili.com"
    ]
    
}