{
  "spider": "toutiao_news",
  "website": "今日头条",

  "settings": {
    "Headers": {
        "Accept":"*/*",
        "Accept-Language":"zh-CN,zh;q=0.8",
        "Connection":"keep-alive",
        "DNT":"1",
        "Host":"www.toutiao.com",
        "Referer":"https://www.toutiao.com",
        "X-Requested-With":"XMLHttpRequest",

        "upgrade-insecure-requests": "1",
        "user-agent": "Mozilla/5.0 (Macintosh; Intel Mac OS X 10_13_4) AppleWebKit/537.36 (KHTML, like Gecko) Chrome/67.0.3396.62 Safari/537.36",
        "accept": "text/html,application/xhtml+xml,application/xml;q=0.9,image/webp,image/apng,*/*;q=0.8",
        "cache-control": "no-cache",
        "postman-token": "879dd0f8-5db8-147c-3a3b-279ea713eb2d",
        "Content-Type":"application/x-www-form-urlencoded; charset=UTF-8"
        },
    "FILE_PATH" : "./",
    "ITEM_PIPELINES" : {
         "scrapyuniversal.pipelines.ToutiaoNewsPipeline": 300
         },
    "DOWNLOADER_MIDDLEWARES" : {
        "scrapy.downloadermiddlewares.retry.RetryMiddleware": 302,
        "scrapyuniversal.middlewares.RotateUserAgentMiddleware": 543
    }
  },

    "start_urls":{
        "type": "static",
        "value":[
            ""
        ]
    },

    "allowed_domains": [
        "www.toutiao.com",
        "mcs.snssdk.com"
    ]
    
}